actor_login,total_events,unique_repos,event_type_diversity,first_seen,last_seen,activity_span_h,events_per_hour,bot_category,wide_footprint
github-actions[bot],561,529,4,2026-04-15 12:00:00+00:00,2026-04-15 12:02:06+00:00,0.035,16028.571428571428,ci_cd,True
renovate[bot],83,52,4,2026-04-15 12:00:00+00:00,2026-04-15 12:02:06+00:00,0.035,2371.428571428571,dependency,True
dependabot[bot],42,32,5,2026-04-15 12:00:12+00:00,2026-04-15 12:02:06+00:00,0.03166666666666667,1326.3157894736842,dependency,True
pull[bot],26,26,2,2026-04-15 12:00:03+00:00,2026-04-15 12:02:06+00:00,0.034166666666666665,760.9756097560976,other,True
github-merge-queue[bot],8,4,3,2026-04-15 12:00:12+00:00,2026-04-15 12:01:53+00:00,0.028055555555555556,285.1485148514852,other,False
hyperspace-agent-publisher[bot],8,1,1,2026-04-15 12:00:12+00:00,2026-04-15 12:02:05+00:00,0.03138888888888889,254.86725663716814,other,False
redecorate-bot[bot],7,1,2,2026-04-15 12:01:05+00:00,2026-04-15 12:02:05+00:00,0.016666666666666666,420.0,other,False
noob-renovate[bot],6,1,2,2026-04-15 12:01:18+00:00,2026-04-15 12:01:48+00:00,0.008333333333333333,720.0,dependency,False
lovable-dev[bot],6,6,2,2026-04-15 12:00:13+00:00,2026-04-15 12:01:59+00:00,0.029444444444444443,203.77358490566039,other,True
claudecodejg-bot,5,1,1,2026-04-15 12:00:26+00:00,2026-04-15 12:01:59+00:00,0.025833333333333333,193.5483870967742,other,False
cloudflare-workers-and-pages[bot],4,4,1,2026-04-15 12:00:00+00:00,2026-04-15 12:02:06+00:00,0.035,114.28571428571428,other,False
gitops-promoter-demo-labs-repo[bot],4,1,1,2026-04-15 12:00:11+00:00,2026-04-15 12:02:05+00:00,0.03166666666666667,126.3157894736842,other,False
negative-7-bot[bot],4,1,1,2026-04-15 12:01:53+00:00,2026-04-15 12:01:55+00:00,0.0005555555555555556,7200.0,other,False
0x4272616e646f6e-renovate-ce-bot[bot],4,1,3,2026-04-15 12:00:55+00:00,2026-04-15 12:01:16+00:00,0.005833333333333334,685.7142857142857,dependency,False
tachyonlab[bot],3,1,1,2026-04-15 12:00:17+00:00,2026-04-15 12:01:17+00:00,0.016666666666666666,180.0,other,False
hmcts-jenkins-j-to-z[bot],3,1,1,2026-04-15 12:01:08+00:00,2026-04-15 12:01:12+00:00,0.0011111111111111111,2700.0,other,False
renovate-sh-app[bot],3,2,1,2026-04-15 12:01:02+00:00,2026-04-15 12:01:53+00:00,0.014166666666666666,211.76470588235296,dependency,False
fw-bot,3,1,2,2026-04-15 12:01:57+00:00,2026-04-15 12:02:03+00:00,0.0016666666666666668,1799.9999999999998,other,False
escargatoiresnailbot[bot],3,1,1,2026-04-15 12:01:55+00:00,2026-04-15 12:02:05+00:00,0.002777777777777778,1080.0,other,False
amazon-codecatalyst[bot],3,3,1,2026-04-15 12:00:18+00:00,2026-04-15 12:01:17+00:00,0.01638888888888889,183.0508474576271,other,False
trunk-io[bot],3,1,3,2026-04-15 12:00:44+00:00,2026-04-15 12:00:47+00:00,0.0008333333333333334,3599.9999999999995,other,False
coderabbitai[bot],3,2,2,2026-04-15 12:00:19+00:00,2026-04-15 12:01:44+00:00,0.02361111111111111,127.05882352941177,other,False
cft-flux-controller-ptl[bot],2,1,1,2026-04-15 12:00:56+00:00,2026-04-15 12:01:18+00:00,0.006111111111111111,327.27272727272725,other,False
mergify[bot],2,1,2,2026-04-15 12:01:31+00:00,2026-04-15 12:01:33+00:00,0.0005555555555555556,3600.0,other,False
autofix-ci[bot],2,2,1,2026-04-15 12:00:13+00:00,2026-04-15 12:01:22+00:00,0.019166666666666665,104.34782608695653,other,False
apogee-release[bot],2,1,2,2026-04-15 12:00:45+00:00,2026-04-15 12:00:45+00:00,0.0,2.0,other,False
depfu[bot],2,2,1,2026-04-15 12:00:05+00:00,2026-04-15 12:00:12+00:00,0.0019444444444444444,1028.5714285714287,dependency,False
renovate-approve[bot],2,2,1,2026-04-15 12:01:37+00:00,2026-04-15 12:01:45+00:00,0.0022222222222222222,900.0,dependency,False
mav-bot[bot],2,1,1,2026-04-15 12:01:22+00:00,2026-04-15 12:01:28+00:00,0.0016666666666666668,1200.0,other,False
vamshikrishnas2001-bot,2,1,1,2026-04-15 12:00:30+00:00,2026-04-15 12:02:05+00:00,0.02638888888888889,75.78947368421052,other,False
ubiquity-os-development[bot],2,1,2,2026-04-15 12:01:02+00:00,2026-04-15 12:01:59+00:00,0.015833333333333335,126.3157894736842,other,False
konflux-staging[bot],2,2,1,2026-04-15 12:00:46+00:00,2026-04-15 12:00:50+00:00,0.0011111111111111111,1800.0,other,False
copybara-service[bot],2,2,2,2026-04-15 12:00:29+00:00,2026-04-15 12:01:57+00:00,0.024444444444444446,81.81818181818181,other,False
ropensci-bot,2,2,1,2026-04-15 12:01:47+00:00,2026-04-15 12:01:49+00:00,0.0005555555555555556,3600.0,other,False
norris-deepsource,2,1,2,2026-04-15 12:00:03+00:00,2026-04-15 12:00:05+00:00,0.0005555555555555556,3600.0,code_quality,False
laurigates-release-please[bot],2,1,2,2026-04-15 12:01:49+00:00,2026-04-15 12:02:05+00:00,0.0044444444444444444,450.0,other,False
pytorch-alerts[bot],1,1,1,2026-04-15 12:01:22+00:00,2026-04-15 12:01:22+00:00,0.0,1.0,other,False
weizeyuu-bot,1,1,1,2026-04-15 12:00:30+00:00,2026-04-15 12:00:30+00:00,0.0,1.0,other,False
zappy[bot],1,1,1,2026-04-15 12:01:18+00:00,2026-04-15 12:01:18+00:00,0.0,1.0,other,False
toddr-bot,1,1,1,2026-04-15 12:01:08+00:00,2026-04-15 12:01:08+00:00,0.0,1.0,other,False
railway-app[bot],1,1,1,2026-04-15 12:01:10+00:00,2026-04-15 12:01:10+00:00,0.0,1.0,other,False
readme-sync[bot],1,1,1,2026-04-15 12:01:23+00:00,2026-04-15 12:01:23+00:00,0.0,1.0,other,False
vercel[bot],1,1,1,2026-04-15 12:01:47+00:00,2026-04-15 12:01:47+00:00,0.0,1.0,other,False
vendure-ci-automation-bot[bot],1,1,1,2026-04-15 12:01:56+00:00,2026-04-15 12:01:56+00:00,0.0,1.0,other,False
renovate-bot,1,1,1,2026-04-15 12:00:12+00:00,2026-04-15 12:00:12+00:00,0.0,1.0,dependency,False
rhods-ci-bot,1,1,1,2026-04-15 12:00:00+00:00,2026-04-15 12:00:00+00:00,0.0,1.0,other,False
posthog-foss-sync[bot],1,1,1,2026-04-15 12:01:08+00:00,2026-04-15 12:01:08+00:00,0.0,1.0,other,False
security-alliance-bot,1,1,1,2026-04-15 12:00:00+00:00,2026-04-15 12:00:00+00:00,0.0,1.0,other,False
shopify[bot],1,1,1,2026-04-15 12:01:33+00:00,2026-04-15 12:01:33+00:00,0.0,1.0,other,False
storybook-bot,1,1,1,2026-04-15 12:01:18+00:00,2026-04-15 12:01:18+00:00,0.0,1.0,other,False
pre-commit-ci[bot],1,1,1,2026-04-15 12:02:03+00:00,2026-04-15 12:02:03+00:00,0.0,1.0,other,False
imgbot[bot],1,1,1,2026-04-15 12:00:47+00:00,2026-04-15 12:00:47+00:00,0.0,1.0,docs,False
octo-sts-8[bot],1,1,1,2026-04-15 12:01:37+00:00,2026-04-15 12:01:37+00:00,0.0,1.0,other,False
desmondkusagah-bot,1,1,1,2026-04-15 12:00:19+00:00,2026-04-15 12:00:19+00:00,0.0,1.0,other,False
Felipehelio-bot,1,1,1,2026-04-15 12:00:00+00:00,2026-04-15 12:00:00+00:00,0.0,1.0,other,False
alfie-bot[bot],1,1,1,2026-04-15 12:01:53+00:00,2026-04-15 12:01:53+00:00,0.0,1.0,other,False
aws-connector-for-github[bot],1,1,1,2026-04-15 12:00:47+00:00,2026-04-15 12:00:47+00:00,0.0,1.0,other,False
cluster-api-deploy-bot[bot],1,1,1,2026-04-15 12:01:08+00:00,2026-04-15 12:01:08+00:00,0.0,1.0,other,False
cocogitto-xboct-bot[bot],1,1,1,2026-04-15 12:01:08+00:00,2026-04-15 12:01:08+00:00,0.0,1.0,other,False
commithabit[bot],1,1,1,2026-04-15 12:00:46+00:00,2026-04-15 12:00:46+00:00,0.0,1.0,other,False
conda-forge-webservices[bot],1,1,1,2026-04-15 12:00:56+00:00,2026-04-15 12:00:56+00:00,0.0,1.0,other,False
d-o-c-labassistant[bot],1,1,1,2026-04-15 12:01:56+00:00,2026-04-15 12:01:56+00:00,0.0,1.0,other,False
deepsource-autofix[bot],1,1,1,2026-04-15 12:00:26+00:00,2026-04-15 12:00:26+00:00,0.0,1.0,code_quality,False
depot-bot,1,1,1,2026-04-15 12:00:45+00:00,2026-04-15 12:00:45+00:00,0.0,1.0,other,False
devin-ai-integration[bot],1,1,1,2026-04-15 12:01:02+00:00,2026-04-15 12:01:02+00:00,0.0,1.0,other,False
nx-cloud[bot],1,1,1,2026-04-15 12:00:55+00:00,2026-04-15 12:00:55+00:00,0.0,1.0,other,False
dsb-bot,1,1,1,2026-04-15 12:02:03+00:00,2026-04-15 12:02:03+00:00,0.0,1.0,other,False
exercism-solutions-syncer[bot],1,1,1,2026-04-15 12:00:52+00:00,2026-04-15 12:00:52+00:00,0.0,1.0,other,False
gabe565-renovate[bot],1,1,1,2026-04-15 12:01:59+00:00,2026-04-15 12:01:59+00:00,0.0,1.0,dependency,False
gh-worker-dd-mergequeue-cf854d[bot],1,1,1,2026-04-15 12:01:28+00:00,2026-04-15 12:01:28+00:00,0.0,1.0,other,False
gitar-bot[bot],1,1,1,2026-04-15 12:00:10+00:00,2026-04-15 12:00:10+00:00,0.0,1.0,other,False
graphite-app[bot],1,1,1,2026-04-15 12:01:57+00:00,2026-04-15 12:01:57+00:00,0.0,1.0,other,False
heyitsrobotagain[bot],1,1,1,2026-04-15 12:00:58+00:00,2026-04-15 12:00:58+00:00,0.0,1.0,other,False
AirOoO-bot,1,1,1,2026-04-15 12:01:28+00:00,2026-04-15 12:01:28+00:00,0.0,1.0,other,False
konflux-ci-e2e-tests[bot],1,1,1,2026-04-15 12:00:26+00:00,2026-04-15 12:00:26+00:00,0.0,1.0,other,False
my-action-bot[bot],1,1,1,2026-04-15 12:00:00+00:00,2026-04-15 12:00:00+00:00,0.0,1.0,other,False
zhuge-liang-bot[bot],1,1,1,2026-04-15 12:01:08+00:00,2026-04-15 12:01:08+00:00,0.0,1.0,other,False
